Application_ID,FICO_Score,Num_Inquiries,Utilization_Ratio,Num_Tradelines,Months_Oldest_Trade,Derogs_30DPD,Derogs_60DPD,Derogs_90DPD,Income,DTI_Ratio,Age,Residence_Type,Residence_Tenure,Loan_Purpose,Loan_Amount,Loan_Term,Is_Existing_Customer,Relationship_Tenure,Avg_Deposit_Balance,Prev_Bank_Delinquency,Unemployment_Rate,Interest_Rate,Consumer_Confidence,Derog_Any,Bureau_Thickness
A1000000,790,2,0.09,7,199,0,0,0,92098,0.16,22,Rent,4,Credit Card,30439,36,0,0,0,0,4.8,1.5,102,0,Thick
A1000001,681,3,0.43,9,36,0,0,0,58210,0.37,50,Rent,24,Auto,20213,48,0,0,0,0,4.5,2.5,98,0,Thick
A1000002,662,2,0.66,4,72,0,0,0,54935,0.43,34,Rent,2,Debt Consolidation,12215,36,0,0,0,0,4.5,2.5,98,0,Thin
A1000003,651,4,0.76,1,57,0,0,0,27196,0.55,52,Own,29,Auto,10150,24,1,113,36177.79927,0,4,3.5,95,0,Thin
A1000004,631,5,0.83,2,54,0,0,0,31861,0.48,59,Other,33,Credit Card,1752,36,1,55,30224.04251,0,4,4,94,0,Thin
A1000005,681,2,0.54,14,116,0,0,0,47310,0.38,53,Rent,9,Credit Card,11587,36,1,112,31639.70948,0,4,3.5,95,0,Thick
A1000006,691,3,0.66,15,63,0,0,0,41276,0.36,67,Own,4,Other,9241,24,0,0,0,0,5.2,0.5,108,0,Thick
A1000007,698,4,0.63,14,49,1,0,0,67730,0.45,54,Own,15,Auto,23156,12,0,0,0,0,4,3.5,95,1,Thick
A1000008,735,0,0.35,7,179,0,0,0,90007,0.12,57,Rent,15,Debt Consolidation,27677,24,0,0,0,0,5.2,0.5,108,0,Thick
A1000009,733,2,0.08,17,234,0,0,0,148259,0.26,49,Own,11,Credit Card,17371,48,0,0,0,0,3.9,4,96,0,Thick
A1000010,723,0,0.11,20,171,0,0,0,72224,0.33,45,Own,25,Debt Consolidation,19694,36,0,0,0,0,4.8,1.5,102,0,Thick
A1000011,795,2,0.31,6,239,0,0,0,88534,0.34,26,Rent,1,Home Improvement,16414,36,1,68,8714.203669,1,5,2,100,0,Thick
A1000012,686,3,0.68,6,109,1,0,0,78251,0.41,25,Own,1,Auto,14969,36,1,39,23404.00406,1,5,1,105,1,Thick
A1000013,627,8,0.88,10,57,1,0,1,29338,0.47,63,Own,8,Credit Card,8014,48,0,0,0,0,5,1,105,1,Thick
A1000014,673,3,0.67,3,35,0,0,0,57300,0.4,29,Rent,4,Auto,29956,36,0,0,0,0,4.3,3,96,0,Thin
A1000015,599,6,0.85,3,33,0,0,1,37877,0.46,64,Own,6,Credit Card,27632,60,1,111,2954.849027,0,4.8,1.5,102,1,Thin
A1000016,602,5,0.88,6,56,3,1,1,48882,0.51,45,Rent,27,Home Improvement,14079,48,1,35,8800.694306,0,4.3,3,96,1,Thick
A1000017,769,0,0.39,13,137,0,0,0,112227,0.18,22,Own,2,Auto,18397,12,0,0,0,0,4.3,3,96,0,Thick
A1000018,850,2,0.12,6,229,0,0,0,75157,0.2,48,Own,21,Small Business,21572,36,1,95,37114.84698,0,3.8,3.75,97,0,Thick
A1000019,824,1,0.24,11,155,0,0,0,102753,0.2,57,Own,35,Debt Consolidation,20914,24,0,0,0,0,5,2,100,0,Thick
A1000020,833,1,0.33,10,216,0,0,0,148555,0.15,69,Own,19,Auto,14050,24,0,0,0,0,3.8,3.75,97,0,Thick
A1000021,769,0,0.1,5,276,0,0,0,110328,0.22,32,Rent,11,Home Improvement,4291,36,0,0,0,0,4.8,1.5,102,0,Thick
A1000022,647,7,0.85,9,33,2,0,1,38314,0.54,61,Own,33,Home Improvement,16679,24,1,61,23053.41811,0,4.7,2,100,1,Thick
A1000023,740,1,0.29,11,64,0,0,0,78136,0.14,47,Own,24,Home Improvement,2280,48,0,0,0,0,4,3.5,95,0,Thick
A1000024,618,7,0.83,9,57,1,0,0,44689,0.51,22,Own,3,Debt Consolidation,31630,60,0,0,0,0,5.2,0.5,108,1,Thick
A1000025,702,3,0.44,10,47,0,0,0,41776,0.36,69,Rent,17,Debt Consolidation,28627,24,0,0,0,0,3.9,4,96,0,Thick
A1000026,624,4,0.89,4,18,2,1,0,27347,0.55,28,Rent,3,Home Improvement,17793,48,0,0,0,0,5,1,105,1,Thin
A1000027,670,2,0.68,12,110,2,0,1,60384,0.36,58,Rent,40,Auto,20764,48,0,0,0,0,4.8,1.5,102,1,Thick
A1000028,829,2,0.28,5,265,0,0,0,146706,0.19,50,Rent,27,Auto,18700,36,0,0,0,0,5,1,105,0,Thick
A1000029,788,0,0.15,19,110,0,0,0,102245,0.31,52,Rent,11,Home Improvement,24253,48,0,0,0,0,4,4,94,0,Thick
A1000030,693,4,0.52,11,54,0,0,0,52521,0.36,36,Own,18,Credit Card,23528,36,1,12,15417.54348,0,4,3.5,95,0,Thick
A1000031,784,0,0.16,10,97,0,0,0,90217,0.13,33,Own,11,Auto,1927,48,1,68,30242.74629,1,4,4,94,0,Thick
A1000032,704,3,0.43,3,97,0,0,0,48275,0.41,25,Own,1,Home Improvement,4513,24,1,33,47112.11624,0,5,1,105,0,Thin
A1000033,595,8,0.85,10,20,2,0,1,38286,0.56,58,Other,19,Home Improvement,4947,36,0,0,0,0,4.8,1.5,102,1,Thick
A1000034,676,2,0.57,5,24,0,0,0,45320,0.37,39,Rent,14,Auto,16297,60,0,0,0,0,4.3,3,96,0,Thick
A1000035,777,1,0.34,7,63,0,0,0,144886,0.14,39,Own,14,Debt Consolidation,27378,60,0,0,0,0,4.5,2.5,98,0,Thick
A1000036,716,4,0.48,4,53,2,0,0,68313,0.42,23,Rent,1,Home Improvement,29981,60,1,98,33941.79763,0,4.8,1.5,102,1,Thin
A1000037,640,6,0.87,3,27,1,0,0,31401,0.51,69,Rent,29,Auto,17541,36,0,0,0,0,5,2,100,1,Thin
A1000038,580,7,0.8,4,39,0,1,0,41550,0.58,39,Own,15,Auto,16682,48,1,27,14085.75568,0,5,2,100,1,Thin
A1000039,749,2,0.34,20,286,0,0,0,120482,0.34,45,Own,19,Home Improvement,9946,48,1,61,12942.8144,0,3.9,4,96,0,Thick
A1000040,849,1,0.3,20,269,0,0,0,95018,0.31,55,Own,20,Major Purchase,16650,36,0,0,0,0,3.9,4,96,0,Thick
A1000041,841,2,0.33,9,174,1,0,0,109968,0.2,27,Rent,7,Auto,30945,12,0,0,0,0,5,1,105,1,Thick
A1000042,787,1,0.28,15,266,0,0,0,104375,0.26,23,Rent,1,Debt Consolidation,19833,60,1,114,38210.68866,0,4.7,2,100,0,Thick
A1000043,705,4,0.49,3,29,0,0,0,46586,0.39,36,Rent,18,Debt Consolidation,12800,24,0,0,0,0,4.8,1.5,102,0,Thin
A1000044,756,1,0.21,5,278,0,0,0,90433,0.22,49,Rent,19,Debt Consolidation,28807,36,0,0,0,0,4.3,3,96,0,Thick
A1000045,593,6,0.84,5,7,4,1,0,27772,0.51,64,Rent,3,Small Business,33553,48,0,0,0,0,3.9,4,96,1,Thick
A1000046,682,4,0.48,15,116,1,0,0,54352,0.41,61,Rent,19,Debt Consolidation,3186,36,0,0,0,0,4.3,3,96,1,Thick
A1000047,826,2,0.36,16,183,0,0,0,83021,0.15,42,Rent,14,Other,10224,48,1,62,48401.81973,0,3.8,3.75,97,0,Thick
A1000048,651,7,0.7,9,13,1,1,0,31985,0.46,61,Rent,6,Debt Consolidation,31898,12,0,0,0,0,3.9,4,96,1,Thick
A1000049,700,3,0.59,4,41,0,0,1,70426,0.44,36,Rent,4,Credit Card,25314,36,0,0,0,0,4.3,3,96,1,Thin
A1000050,706,4,0.43,10,102,0,1,0,50126,0.44,49,Own,15,Major Purchase,7511,60,0,0,0,0,3.9,4,96,1,Thick
A1000051,790,1,0.08,11,212,0,0,0,84878,0.34,29,Rent,3,Auto,14576,36,0,0,0,0,3.7,4,98,0,Thick
A1000052,698,2,0.7,11,56,1,0,0,40185,0.38,43,Rent,7,Home Improvement,2034,24,0,0,0,0,4.7,2,100,1,Thick
A1000053,736,1,0.23,8,163,0,0,0,122422,0.21,62,Other,3,Other,27320,36,1,111,33286.25061,0,5,2,100,0,Thick
A1000054,740,0,0.09,15,145,2,0,0,102219,0.25,62,Rent,35,Debt Consolidation,15091,36,1,13,39861.70856,0,4,4,94,1,Thick
A1000055,744,2,0.14,9,223,1,0,0,100966,0.21,27,Rent,5,Debt Consolidation,4930,36,0,0,0,0,4,4,94,1,Thick
A1000056,828,2,0.16,8,195,0,0,0,66743,0.34,69,Own,14,Debt Consolidation,2720,36,1,45,42423.29751,0,4.7,2,100,0,Thick
A1000057,799,0,0.35,17,65,0,0,0,104541,0.19,31,Own,11,Credit Card,6567,48,1,28,19433.52588,0,5,1,105,0,Thick
A1000058,677,3,0.58,9,58,0,0,0,69039,0.42,64,Rent,31,Home Improvement,21212,12,0,0,0,0,5,1,105,0,Thick
A1000059,774,1,0.16,5,175,0,0,0,77987,0.29,43,Own,23,Auto,2228,36,1,65,28377.45482,0,5.2,0.5,108,0,Thick
A1000060,705,3,0.41,8,45,1,0,0,67373,0.38,48,Rent,16,Auto,21334,48,1,12,22398.8772,0,4,4,94,1,Thick
A1000061,667,3,0.51,13,42,0,0,0,74773,0.4,70,Rent,29,Debt Consolidation,30419,36,1,98,38198.46662,0,4.8,1.5,102,0,Thick
A1000062,620,7,0.81,5,56,0,0,0,24946,0.52,49,Own,23,Debt Consolidation,6028,36,0,0,0,0,3.8,3.75,97,0,Thick
A1000063,730,2,0.28,15,202,0,0,0,118947,0.33,42,Other,2,Home Improvement,12308,12,0,0,0,0,5,2,100,0,Thick
A1000064,670,3,0.52,15,67,0,0,0,63848,0.39,42,Own,21,Credit Card,17514,48,0,0,0,0,5,2,100,0,Thick
A1000065,756,2,0.29,17,81,0,0,0,105851,0.18,42,Rent,21,Debt Consolidation,7124,36,0,0,0,0,4.7,2,100,0,Thick
A1000066,774,1,0.12,9,87,0,0,0,104791,0.34,63,Own,39,Auto,25688,24,1,107,37193.55615,0,3.7,4,98,0,Thick
A1000067,662,4,0.47,10,102,0,0,0,66926,0.39,40,Other,15,Small Business,13715,36,0,0,0,0,4.5,2.5,98,0,Thick
A1000068,709,3,0.69,6,101,0,0,0,65026,0.4,54,Rent,18,Auto,11506,24,1,71,46780.38415,0,4,4,94,0,Thick
A1000069,776,0,0.2,17,176,0,0,0,119130,0.32,41,Rent,22,Debt Consolidation,10571,24,0,0,0,0,4,4,94,0,Thick
A1000070,690,2,0.41,6,43,0,0,0,69399,0.41,39,Own,3,Auto,28513,36,0,0,0,0,4.7,2,100,0,Thick
A1000071,661,4,0.44,9,24,0,0,0,73775,0.41,54,Rent,32,Home Improvement,26588,48,1,11,26650.74333,0,5,2,100,0,Thick
A1000072,724,1,0.13,8,245,0,0,0,106805,0.3,42,Rent,5,Debt Consolidation,31449,60,0,0,0,0,3.7,4,98,0,Thick
A1000073,837,0,0.33,6,128,1,0,0,64847,0.17,37,Own,6,Credit Card,4132,48,0,0,0,0,4.7,2,100,1,Thick
A1000074,822,1,0.17,10,175,0,0,0,117637,0.32,26,Rent,1,Credit Card,12826,36,0,0,0,0,3.7,4,98,0,Thick
A1000075,829,1,0.21,16,205,2,0,0,81842,0.27,53,Rent,10,Other,10357,48,1,10,33888.01056,0,3.8,3.75,97,1,Thick
A1000076,813,2,0.06,9,221,0,0,0,107467,0.2,29,Rent,6,Credit Card,19264,24,0,0,0,0,4.7,2,100,0,Thick
A1000077,718,3,0.61,6,102,0,1,0,76809,0.36,25,Own,7,Other,21944,36,0,0,0,0,5,2,100,1,Thick
A1000078,600,5,0.9,9,20,0,0,0,43324,0.56,50,Rent,8,Debt Consolidation,6650,12,1,4,18683.9297,0,4,3.5,95,0,Thick
A1000079,709,2,0.44,8,106,0,0,0,66832,0.43,70,Rent,37,Auto,9456,36,0,0,0,0,5,2,100,0,Thick
A1000080,679,4,0.47,11,60,1,0,0,50790,0.37,29,Rent,9,Home Improvement,33936,36,0,0,0,0,4.7,2,100,1,Thick
A1000081,706,4,0.41,3,34,0,0,0,79658,0.38,22,Own,4,Credit Card,20798,36,1,99,29034.72292,0,4.5,2.5,98,0,Thin
A1000082,735,1,0.21,15,203,0,0,0,80719,0.21,44,Rent,3,Credit Card,31570,24,1,45,48793.33227,0,3.8,3.75,97,0,Thick
A1000083,818,0,0.33,15,96,0,0,0,140658,0.2,40,Own,2,Small Business,34124,36,0,0,0,0,5,1,105,0,Thick
A1000084,846,2,0.29,14,185,0,0,0,138317,0.32,44,Rent,11,Auto,4352,36,0,0,0,0,5,1,105,0,Thick
A1000085,835,2,0.29,8,80,1,0,0,132070,0.17,44,Rent,6,Debt Consolidation,27305,36,0,0,0,0,4.8,1.5,102,1,Thick
A1000086,646,8,0.73,10,26,0,3,0,34974,0.47,42,Rent,16,Home Improvement,20647,36,0,0,0,0,3.8,3.75,97,1,Thick
A1000087,654,4,0.85,5,47,2,1,0,30081,0.57,67,Rent,24,Auto,16872,12,1,75,24541.9904,0,4.8,1.5,102,1,Thick
A1000088,827,0,0.19,20,271,0,0,0,79848,0.2,56,Own,30,Home Improvement,21562,60,0,0,0,0,5.2,0.5,108,0,Thick
A1000089,715,2,0.69,7,95,0,1,1,57325,0.41,41,Own,17,Small Business,18921,24,1,91,11156.61195,0,3.7,4,98,1,Thick
A1000090,598,4,0.79,8,47,0,0,0,29517,0.46,56,Rent,8,Auto,16681,24,0,0,0,0,3.9,4,96,0,Thick
A1000091,825,0,0.29,9,49,1,0,0,103292,0.28,33,Rent,9,Credit Card,4877,60,1,113,44041.58145,0,4.3,3,96,1,Thick
A1000092,714,2,0.53,5,28,3,0,0,42444,0.44,21,Own,0,Small Business,22957,24,1,112,46375.9452,0,5,2,100,1,Thick
A1000093,597,6,0.75,2,27,0,0,0,47887,0.53,68,Own,18,Home Improvement,13659,24,0,0,0,0,5,2,100,0,Thin
A1000094,665,2,0.69,10,65,2,0,0,66269,0.42,38,Other,9,Home Improvement,1749,24,0,0,0,0,4,4,94,1,Thick
A1000095,760,2,0.32,8,211,1,0,0,113138,0.27,29,Own,7,Debt Consolidation,25485,36,0,0,0,0,4.7,2,100,1,Thick
A1000096,703,2,0.56,11,114,0,1,0,79047,0.44,30,Own,8,Credit Card,14461,48,1,116,25768.86575,0,4.3,3,96,1,Thick
A1000097,638,7,0.84,9,35,1,0,0,24323,0.53,21,Rent,0,Auto,23579,48,0,0,0,0,4,4,94,1,Thick
A1000098,640,5,0.89,7,29,4,0,1,21039,0.49,55,Own,22,Auto,26759,36,1,49,4932.249639,1,5,1,105,1,Thick
A1000099,679,4,0.53,9,53,0,0,0,70343,0.42,63,Own,1,Auto,5409,24,1,93,38509.00653,0,5.2,0.5,108,0,Thick
A1000100,731,2,0.13,6,83,0,0,0,112725,0.21,41,Own,4,Other,15486,36,1,41,29296.26592,0,5,1,105,0,Thick
A1000101,687,3,0.68,13,72,1,0,0,76428,0.4,45,Own,17,Home Improvement,15768,36,0,0,0,0,4.5,2.5,98,1,Thick
A1000102,686,3,0.47,6,66,0,1,0,76522,0.4,67,Rent,3,Credit Card,3591,48,0,0,0,0,5,1,105,1,Thick
A1000103,805,0,0.12,11,294,0,0,0,99739,0.34,36,Rent,9,Credit Card,24544,36,1,90,30615.67517,0,4.3,3,96,0,Thick
A1000104,840,1,0.16,6,192,0,0,0,101973,0.33,58,Rent,26,Credit Card,13857,36,0,0,0,0,4,4,94,0,Thick
A1000105,703,3,0.69,13,118,0,0,0,62122,0.38,67,Rent,11,Small Business,4849,36,0,0,0,0,5,2,100,0,Thick
A1000106,686,2,0.42,5,25,0,0,0,49010,0.43,52,Own,34,Home Improvement,1776,12,1,120,31209.44869,0,5,1,105,0,Thick
A1000107,830,0,0.23,12,97,0,0,0,83496,0.13,57,Own,14,Credit Card,6283,36,1,11,19279.52759,0,4,3.5,95,0,Thick
A1000108,816,2,0.05,10,69,0,0,0,132443,0.22,27,Rent,0,Auto,32162,24,0,0,0,0,4.8,1.5,102,0,Thick
A1000109,652,6,0.7,4,43,0,1,1,41564,0.45,45,Rent,17,Credit Card,10171,48,1,39,8960.062285,0,4,3.5,95,1,Thin
A1000110,831,1,0.26,17,296,0,0,0,90427,0.31,45,Own,21,Home Improvement,25908,12,1,63,12178.7811,0,3.7,4,98,0,Thick
A1000111,759,2,0.1,17,129,0,0,0,109807,0.28,69,Own,8,Auto,29244,36,0,0,0,0,4.8,1.5,102,0,Thick
A1000112,743,1,0.35,5,122,0,0,0,138240,0.25,36,Rent,5,Debt Consolidation,12108,24,0,0,0,0,5,1,105,0,Thick
A1000113,790,0,0.18,12,232,0,0,0,115194,0.17,40,Own,12,Credit Card,25896,48,0,0,0,0,5,1,105,0,Thick
A1000114,771,1,0.39,14,236,0,0,0,122784,0.18,45,Own,25,Credit Card,8463,60,0,0,0,0,4.7,2,100,0,Thick
A1000115,695,3,0.68,6,80,1,0,0,41763,0.45,61,Own,16,Debt Consolidation,28730,48,1,102,21047.93792,0,4.5,2.5,98,1,Thick
A1000116,694,4,0.53,3,70,1,0,0,73201,0.44,43,Own,19,Auto,27189,60,1,14,38678.74835,0,5,2,100,1,Thin
A1000117,786,2,0.25,12,162,0,0,0,89098,0.23,27,Own,1,Auto,10284,36,1,20,17903.40199,0,4.8,1.5,102,0,Thick
A1000118,841,2,0.21,7,124,0,0,0,72795,0.21,27,Rent,2,Small Business,16985,36,0,0,0,0,5,2,100,0,Thick
A1000119,609,5,0.75,7,31,0,1,0,46140,0.51,45,Own,6,Auto,5100,36,0,0,0,0,3.9,4,96,1,Thick
A1000120,837,1,0.23,15,200,0,0,0,74936,0.17,50,Rent,19,Small Business,6554,36,0,0,0,0,3.7,4,98,0,Thick
A1000121,756,2,0.1,17,156,0,0,0,126954,0.2,29,Own,7,Debt Consolidation,24529,60,1,23,28190.71622,0,4.7,2,100,0,Thick
A1000122,644,7,0.8,8,37,0,0,0,41399,0.52,23,Own,4,Credit Card,30971,36,0,0,0,0,3.9,4,96,0,Thick
A1000123,749,1,0.24,6,242,0,0,0,95112,0.29,62,Rent,19,Major Purchase,3112,36,0,0,0,0,5,2,100,0,Thick
A1000124,595,5,0.9,10,50,0,1,0,45415,0.57,29,Rent,3,Debt Consolidation,23991,36,0,0,0,0,4,4,94,1,Thick
A1000125,788,2,0.34,9,294,0,0,0,127425,0.35,62,Own,8,Auto,22108,48,0,0,0,0,4,3.5,95,0,Thick
A1000126,788,1,0.08,7,151,0,0,0,142288,0.2,52,Own,0,Major Purchase,7104,48,0,0,0,0,5,2,100,0,Thick
A1000127,648,7,0.91,8,23,0,0,0,33032,0.48,52,Rent,3,Auto,31119,12,0,0,0,0,3.7,4,98,0,Thick
A1000128,829,0,0.36,14,88,0,0,0,86518,0.35,26,Own,2,Auto,21021,48,0,0,0,0,4,4,94,0,Thick
A1000129,660,2,0.58,11,111,0,0,0,53986,0.4,48,Rent,15,Auto,26104,12,0,0,0,0,4.8,1.5,102,0,Thick
A1000130,597,5,0.86,3,10,1,0,0,32541,0.57,67,Own,9,Small Business,29992,48,0,0,0,0,3.7,4,98,1,Thin
A1000131,684,3,0.64,6,59,0,0,0,63038,0.45,63,Rent,13,Home Improvement,34392,24,1,37,39169.51297,0,4.7,2,100,0,Thick
A1000132,748,2,0.07,5,300,0,0,0,91599,0.22,69,Own,4,Auto,5425,12,1,54,18905.21068,0,4.3,3,96,0,Thick
A1000133,700,3,0.61,4,105,0,0,0,72836,0.43,53,Rent,9,Home Improvement,26606,36,0,0,0,0,3.9,4,96,0,Thin
A1000134,831,0,0.37,8,164,0,0,0,91278,0.11,65,Own,31,Other,34896,48,1,23,6852.707338,0,5,1,105,0,Thick
A1000135,715,2,0.63,3,66,1,0,0,57613,0.42,53,Own,31,Major Purchase,11936,36,1,74,31749.10881,0,4.7,2,100,1,Thin
A1000136,850,0,0.14,20,141,0,0,0,60336,0.11,62,Own,20,Auto,21967,24,1,71,40352.65884,0,4.7,2,100,0,Thick
A1000137,663,4,0.69,9,32,1,1,0,51753,0.37,26,Rent,0,Credit Card,20109,36,0,0,0,0,5,2,100,1,Thick
A1000138,846,2,0.32,12,86,0,0,0,85614,0.28,65,Rent,21,Auto,25659,48,0,0,0,0,4,4,94,0,Thick
A1000139,633,5,0.88,2,8,3,2,0,36122,0.59,58,Own,8,Debt Consolidation,26844,12,1,48,23464.4434,0,5,2,100,1,Thin
A1000140,786,1,0.3,15,129,0,0,0,101288,0.33,70,Rent,9,Auto,30462,36,0,0,0,0,4.7,2,100,0,Thick
A1000141,838,0,0.11,14,259,0,0,0,94735,0.31,43,Own,1,Debt Consolidation,18050,48,1,19,5469.432286,0,4.3,3,96,0,Thick
A1000142,695,2,0.64,5,39,0,0,1,56374,0.36,46,Own,20,Small Business,6507,36,0,0,0,0,4,4,94,1,Thick
A1000143,605,5,0.72,6,13,0,0,0,49572,0.55,67,Own,1,Credit Card,28961,24,0,0,0,0,5.2,0.5,108,0,Thick
A1000144,758,2,0.14,14,175,0,0,0,64541,0.25,29,Own,10,Major Purchase,17328,36,0,0,0,0,4,3.5,95,0,Thick
A1000145,682,3,0.5,12,88,0,0,0,71436,0.4,22,Rent,2,Auto,31912,36,0,0,0,0,3.9,4,96,0,Thick
A1000146,781,2,0.07,12,195,0,0,0,94934,0.23,41,Rent,22,Credit Card,2848,48,1,109,9511.889537,0,4.5,2.5,98,0,Thick
A1000147,672,2,0.55,4,31,0,0,0,72258,0.4,60,Own,8,Credit Card,12630,60,0,0,0,0,4.7,2,100,0,Thin
A1000148,756,1,0.39,16,228,1,0,0,74538,0.31,29,Other,11,Small Business,32929,36,0,0,0,0,5.2,0.5,108,1,Thick
A1000149,764,2,0.15,10,234,0,0,0,109595,0.18,59,Own,39,Auto,7822,60,1,99,48294.01307,0,3.7,4,98,0,Thick
A1000150,801,0,0.34,15,162,0,0,0,82005,0.26,27,Rent,0,Credit Card,28502,60,0,0,0,0,4.3,3,96,0,Thick
A1000151,816,2,0.28,12,89,0,0,0,73294,0.31,37,Other,2,Credit Card,25606,24,0,0,0,0,3.7,4,98,0,Thick
A1000152,843,2,0.11,18,88,0,0,0,64062,0.21,56,Rent,34,Credit Card,19449,24,0,0,0,0,4.8,1.5,102,0,Thick
A1000153,812,1,0.34,20,99,0,0,0,60500,0.21,46,Own,28,Debt Consolidation,6972,36,1,61,42344.68464,0,5,2,100,0,Thick
A1000154,834,1,0.14,13,192,0,0,0,65848,0.17,43,Rent,13,Other,15910,36,0,0,0,0,3.7,4,98,0,Thick
A1000155,640,7,0.77,7,60,2,0,1,38766,0.58,69,Own,10,Other,13630,24,1,87,49154.98344,0,3.9,4,96,1,Thick
A1000156,757,2,0.37,7,70,0,0,0,137994,0.16,50,Rent,0,Debt Consolidation,28498,24,0,0,0,0,4,4,94,0,Thick
A1000157,652,6,0.92,6,32,0,1,0,45544,0.47,32,Own,2,Debt Consolidation,27327,12,0,0,0,0,4.8,1.5,102,1,Thick
A1000158,841,0,0.17,14,127,0,0,0,95203,0.32,35,Own,14,Debt Consolidation,22028,24,0,0,0,0,4.3,3,96,0,Thick
A1000159,824,1,0.34,10,64,0,0,0,123499,0.29,33,Rent,7,Auto,4313,60,1,113,28864.94268,0,4.5,2.5,98,0,Thick
A1000160,700,2,0.51,12,81,0,1,0,48118,0.42,31,Rent,4,Debt Consolidation,6923,24,0,0,0,0,4,4,94,1,Thick
A1000161,608,7,0.83,1,36,3,1,0,42206,0.48,37,Rent,9,Debt Consolidation,19047,36,0,0,0,0,4.3,3,96,1,Thin
A1000162,797,2,0.19,8,49,0,0,0,148761,0.23,62,Rent,18,Credit Card,8084,36,0,0,0,0,4,3.5,95,0,Thick
A1000163,613,6,0.75,9,54,0,0,1,41499,0.56,67,Own,31,Other,18001,60,1,52,33365.98586,0,3.8,3.75,97,1,Thick
A1000164,776,1,0.37,16,177,0,0,0,149957,0.23,39,Own,4,Debt Consolidation,12997,60,0,0,0,0,4.5,2.5,98,0,Thick
A1000165,798,1,0.18,14,166,0,0,0,115112,0.3,60,Own,12,Home Improvement,26013,36,0,0,0,0,4.3,3,96,0,Thick
A1000166,771,2,0.36,19,84,0,0,0,104914,0.2,61,Other,20,Debt Consolidation,1308,36,0,0,0,0,4.7,2,100,0,Thick
A1000167,742,2,0.2,18,295,0,0,0,76961,0.25,54,Own,0,Debt Consolidation,17306,24,1,2,44708.31322,0,4.7,2,100,0,Thick
A1000168,798,0,0.15,14,164,0,0,0,81891,0.12,43,Rent,5,Small Business,27436,12,1,18,17793.90912,1,4.8,1.5,102,0,Thick
A1000169,697,3,0.61,15,28,0,0,0,73071,0.37,62,Rent,3,Debt Consolidation,28313,36,1,77,49739.33145,0,4.3,3,96,0,Thick
A1000170,722,0,0.28,13,207,0,0,0,99467,0.21,67,Rent,18,Auto,7964,36,0,0,0,0,4.7,2,100,0,Thick
A1000171,625,5,0.71,8,19,1,0,0,43050,0.51,26,Rent,7,Auto,6903,48,0,0,0,0,5,2,100,1,Thick
A1000172,689,2,0.43,5,29,1,0,0,59400,0.38,28,Own,0,Auto,10069,36,0,0,0,0,4,3.5,95,1,Thick
A1000173,614,6,0.9,3,13,1,3,0,48785,0.56,51,Rent,10,Auto,4843,60,0,0,0,0,4,4,94,1,Thin
A1000174,636,6,0.85,3,36,3,0,0,25939,0.54,37,Rent,0,Debt Consolidation,15679,60,0,0,0,0,5,2,100,1,Thin
A1000175,699,4,0.47,8,108,0,0,0,46241,0.39,60,Own,10,Home Improvement,31755,48,0,0,0,0,5,2,100,0,Thick
A1000176,804,0,0.24,17,151,0,0,0,96458,0.11,26,Rent,7,Credit Card,33595,48,0,0,0,0,5,2,100,0,Thick
A1000177,660,4,0.59,11,95,0,0,1,45956,0.43,24,Rent,6,Home Improvement,32007,48,0,0,0,0,5,1,105,1,Thick
A1000178,674,4,0.69,7,94,0,0,0,40143,0.38,29,Rent,11,Debt Consolidation,8009,24,0,0,0,0,4.8,1.5,102,0,Thick
A1000179,768,1,0.07,8,245,0,0,0,104293,0.13,52,Own,3,Home Improvement,29364,48,0,0,0,0,3.9,4,96,0,Thick
A1000180,671,4,0.58,8,88,1,0,0,48413,0.36,39,Own,4,Auto,34573,24,1,32,14406.19812,1,4.5,2.5,98,1,Thick
A1000181,794,2,0.1,10,176,0,0,0,149995,0.19,63,Rent,34,Credit Card,28681,48,1,72,24538.1262,0,4.3,3,96,0,Thick
A1000182,734,0,0.39,13,85,0,0,0,86201,0.17,60,Rent,35,Major Purchase,26486,24,1,5,18575.43943,0,4.7,2,100,0,Thick
A1000183,663,4,0.49,11,30,0,0,0,65007,0.39,61,Rent,23,Debt Consolidation,13875,48,1,112,22710.12884,0,4,3.5,95,0,Thick
A1000184,589,8,0.73,1,33,0,0,0,26126,0.59,30,Own,5,Home Improvement,20736,36,1,1,17197.57665,0,4.5,2.5,98,0,Thin
A1000185,671,4,0.45,11,92,0,0,0,74118,0.36,69,Rent,30,Other,1576,24,1,43,18679.09341,0,3.8,3.75,97,0,Thick
A1000186,621,4,0.8,9,52,0,2,1,32496,0.59,53,Own,2,Credit Card,13616,36,0,0,0,0,4.3,3,96,1,Thick
A1000187,736,0,0.35,18,261,0,0,0,87627,0.27,25,Rent,2,Auto,22739,12,1,100,22326.65037,0,5,2,100,0,Thick
A1000188,696,3,0.52,13,75,0,0,0,54918,0.44,62,Rent,4,Debt Consolidation,3982,48,0,0,0,0,4,3.5,95,0,Thick
A1000189,797,1,0.18,5,169,0,0,0,139503,0.12,30,Own,12,Major Purchase,25453,60,1,109,27740.49896,1,4.8,1.5,102,0,Thick
A1000190,721,2,0.24,7,126,0,0,0,135067,0.25,62,Rent,9,Auto,15469,36,0,0,0,0,4.7,2,100,0,Thick
A1000191,650,4,0.77,2,22,0,1,0,35114,0.55,29,Rent,3,Auto,5574,60,0,0,0,0,5,1,105,1,Thin
A1000192,669,3,0.69,5,24,0,0,0,77064,0.41,67,Own,30,Home Improvement,24510,48,1,36,42165.39288,0,3.8,3.75,97,0,Thick
A1000193,597,6,0.88,2,52,0,0,0,49206,0.53,58,Rent,37,Auto,3402,36,0,0,0,0,4.8,1.5,102,0,Thin
A1000194,669,4,0.62,7,41,0,0,0,63974,0.39,63,Own,39,Debt Consolidation,34694,24,0,0,0,0,4,4,94,0,Thick
A1000195,690,3,0.47,7,71,0,0,0,63514,0.35,23,Own,5,Credit Card,18923,48,1,50,24014.03722,0,4.7,2,100,0,Thick
A1000196,816,0,0.23,17,297,1,0,0,107880,0.25,21,Rent,1,Credit Card,16072,12,1,63,39840.21522,0,4.5,2.5,98,1,Thick
A1000197,750,1,0.3,20,220,0,0,0,146652,0.16,58,Own,40,Home Improvement,10624,12,1,3,12939.84506,0,4.5,2.5,98,0,Thick
A1000198,696,4,0.6,7,34,0,0,0,41220,0.44,35,Rent,4,Debt Consolidation,12919,36,0,0,0,0,3.9,4,96,0,Thick
A1000199,656,7,0.8,2,7,0,2,0,39352,0.46,30,Rent,2,Home Improvement,3558,48,0,0,0,0,3.7,4,98,1,Thin
A1000200,753,0,0.36,18,181,0,0,0,139098,0.23,51,Rent,24,Credit Card,7403,36,0,0,0,0,4.8,1.5,102,0,Thick
A1000201,824,2,0.31,5,195,0,0,0,93791,0.15,41,Own,3,Auto,17622,24,0,0,0,0,4.8,1.5,102,0,Thick
A1000202,630,8,0.9,8,17,0,0,0,44738,0.48,43,Rent,12,Debt Consolidation,8804,48,0,0,0,0,4,3.5,95,0,Thick
A1000203,850,2,0.26,6,89,0,0,0,112502,0.3,25,Own,5,Auto,3474,48,1,61,46367.2276,0,4.5,2.5,98,0,Thick
A1000204,734,1,0.05,14,97,0,0,0,82973,0.26,31,Rent,5,Auto,1018,60,0,0,0,0,5,2,100,0,Thick
A1000205,821,2,0.06,7,283,0,0,0,113143,0.25,35,Rent,6,Home Improvement,27473,36,1,45,18026.27935,0,3.9,4,96,0,Thick
A1000206,692,2,0.64,7,92,1,0,0,59284,0.38,42,Other,14,Debt Consolidation,2792,36,1,73,24697.86488,0,4.8,1.5,102,1,Thick
A1000207,674,3,0.55,3,113,1,0,0,60691,0.39,32,Own,5,Auto,18634,24,1,106,17757.65102,0,4.3,3,96,1,Thin
A1000208,771,1,0.12,11,261,0,0,0,90783,0.28,26,Rent,7,Debt Consolidation,3769,48,0,0,0,0,4.5,2.5,98,0,Thick
A1000209,850,2,0.09,18,170,1,0,0,96735,0.2,65,Rent,20,Debt Consolidation,1774,36,1,100,9565.217744,1,4,3.5,95,1,Thick
A1000210,676,2,0.48,12,67,0,0,0,52265,0.4,49,Own,8,Other,15979,48,1,48,18888.82133,0,3.7,4,98,0,Thick
A1000211,605,5,0.82,1,17,1,0,1,24779,0.57,40,Own,18,Auto,7486,36,1,69,36307.45615,0,4,4,94,1,Thin
A1000212,592,6,0.79,9,41,3,0,0,34740,0.56,64,Other,12,Home Improvement,12438,60,0,0,0,0,5,2,100,1,Thick
A1000213,834,1,0.21,9,270,0,0,0,70277,0.2,26,Own,3,Credit Card,20094,48,1,74,20833.86329,1,5,2,100,0,Thick
A1000214,683,3,0.52,5,26,0,0,0,78464,0.4,27,Own,7,Home Improvement,2727,48,1,96,4923.172156,0,4,4,94,0,Thick
A1000215,759,1,0.16,12,236,0,0,0,71050,0.26,41,Rent,14,Other,18852,36,1,4,2722.594064,0,4.8,1.5,102,0,Thick
A1000216,689,4,0.59,7,68,0,0,0,76961,0.39,47,Own,9,Auto,9932,36,0,0,0,0,4.5,2.5,98,0,Thick
A1000217,641,7,0.9,10,20,2,0,0,29817,0.45,68,Rent,24,Auto,6191,36,1,56,20342.8519,0,5,2,100,1,Thick
A1000218,788,0,0.11,14,76,0,0,0,114120,0.15,55,Own,6,Credit Card,9194,48,1,25,16711.54243,0,4,3.5,95,0,Thick
A1000219,775,1,0.4,19,226,0,0,0,104815,0.21,55,Own,12,Major Purchase,17389,48,1,8,14058.67533,0,4.7,2,100,0,Thick
A1000220,833,0,0.12,8,181,0,0,0,92396,0.28,23,Rent,4,Home Improvement,17601,36,1,120,16830.09624,0,4,3.5,95,0,Thick
A1000221,607,7,0.78,3,56,0,0,0,23700,0.49,23,Rent,5,Home Improvement,11157,36,0,0,0,0,5,1,105,0,Thin
A1000222,681,4,0.45,11,37,0,0,1,43935,0.36,67,Own,24,Credit Card,9829,24,1,97,18018.5692,0,4.8,1.5,102,1,Thick
A1000223,691,4,0.5,14,83,0,0,0,52437,0.41,25,Rent,7,Credit Card,18258,36,0,0,0,0,3.8,3.75,97,0,Thick
A1000224,767,1,0.32,12,130,0,0,0,62453,0.25,54,Rent,35,Auto,19555,36,0,0,0,0,5,2,100,0,Thick
A1000225,662,2,0.46,10,48,0,0,0,48504,0.37,24,Own,4,Debt Consolidation,1857,60,1,68,31574.55372,0,5,2,100,0,Thick
A1000226,735,1,0.34,6,258,0,0,0,107307,0.24,27,Own,3,Home Improvement,13416,24,1,10,47285.57062,1,4.8,1.5,102,0,Thick
A1000227,695,4,0.57,13,82,1,0,0,67209,0.42,31,Rent,9,Credit Card,24089,60,1,71,20676.30151,0,4.5,2.5,98,1,Thick
A1000228,830,2,0.24,17,244,0,0,0,102395,0.25,46,Own,1,Other,2068,36,0,0,0,0,3.7,4,98,0,Thick
A1000229,607,6,0.93,9,41,1,0,0,48040,0.5,30,Own,5,Major Purchase,17374,24,0,0,0,0,3.8,3.75,97,1,Thick
A1000230,673,3,0.45,14,113,0,1,0,45059,0.42,67,Rent,24,Auto,4664,60,0,0,0,0,3.9,4,96,1,Thick
A1000231,750,2,0.38,17,61,0,0,0,89716,0.29,53,Rent,9,Auto,26747,60,0,0,0,0,4,4,94,0,Thick
A1000232,794,1,0.08,6,188,0,0,0,111684,0.14,33,Own,6,Home Improvement,17137,24,1,17,38339.61306,0,4.8,1.5,102,0,Thick
A1000233,825,0,0.16,5,245,0,1,0,115514,0.19,35,Own,11,Auto,6623,24,1,57,31535.92566,0,4.8,1.5,102,1,Thick
A1000234,616,4,0.78,8,7,0,1,0,20450,0.5,69,Own,30,Debt Consolidation,10263,36,0,0,0,0,4.7,2,100,1,Thick
A1000235,763,2,0.27,6,167,0,0,0,67878,0.17,63,Own,6,Auto,26331,24,0,0,0,0,5,2,100,0,Thick
A1000236,642,4,0.75,9,35,1,1,0,48402,0.54,31,Own,10,Credit Card,20813,24,1,40,17344.9121,0,4.8,1.5,102,1,Thick
A1000237,716,2,0.68,7,52,0,1,0,65373,0.44,45,Rent,21,Debt Consolidation,15904,36,0,0,0,0,5,1,105,1,Thick
A1000238,622,5,0.86,10,40,1,0,0,34718,0.53,70,Own,36,Small Business,21807,12,1,116,26666.46869,0,3.8,3.75,97,1,Thick
A1000239,757,1,0.39,14,161,0,0,0,63864,0.29,32,Own,9,Debt Consolidation,16133,36,1,20,39176.28636,0,4.5,2.5,98,0,Thick
A1000240,690,4,0.54,13,71,0,0,0,48787,0.4,35,Own,0,Small Business,28069,24,0,0,0,0,4.8,1.5,102,0,Thick
A1000241,832,1,0.35,12,157,0,0,0,140879,0.22,41,Own,23,Home Improvement,3523,36,0,0,0,0,4.3,3,96,0,Thick
A1000242,611,4,0.84,9,54,1,0,0,36996,0.53,40,Rent,9,Home Improvement,28686,24,0,0,0,0,5,1,105,1,Thick
A1000243,835,0,0.11,9,148,0,0,0,71854,0.28,66,Rent,29,Auto,22238,36,0,0,0,0,4.7,2,100,0,Thick
A1000244,835,2,0.3,10,144,0,0,0,143109,0.19,63,Rent,10,Major Purchase,12722,48,0,0,0,0,4.7,2,100,0,Thick
A1000245,766,0,0.05,13,51,0,0,0,75408,0.32,52,Own,30,Home Improvement,29958,12,0,0,0,0,4,4,94,0,Thick
A1000246,695,2,0.42,8,28,0,0,0,53607,0.35,47,Other,5,Debt Consolidation,12627,60,1,43,46098.85022,0,4,3.5,95,0,Thick
A1000247,796,1,0.34,18,263,0,0,0,102312,0.19,34,Rent,1,Auto,6745,36,1,36,17131.21782,0,5,1,105,0,Thick
A1000248,801,2,0.17,9,205,0,0,0,94034,0.23,32,Rent,3,Debt Consolidation,13684,12,0,0,0,0,4,3.5,95,0,Thick
A1000249,673,3,0.5,15,105,0,0,0,67173,0.39,25,Own,5,Debt Consolidation,8460,36,0,0,0,0,4.7,2,100,0,Thick
A1000250,604,7,0.93,1,47,0,0,0,30830,0.58,47,Rent,1,Debt Consolidation,20617,36,1,115,17420.37307,0,5,1,105,0,Thin
A1000251,804,0,0.15,5,134,2,0,0,106346,0.12,45,Own,3,Major Purchase,21203,48,0,0,0,0,5.2,0.5,108,1,Thick
A1000252,780,1,0.13,14,92,0,0,0,108704,0.21,53,Own,21,Small Business,21339,48,1,57,25793.73994,0,3.9,4,96,0,Thick
A1000253,668,3,0.52,11,38,0,1,0,53447,0.42,26,Own,0,Auto,21478,12,0,0,0,0,5,2,100,1,Thick
A1000254,769,1,0.32,8,117,0,0,0,97560,0.17,56,Own,9,Small Business,19564,36,1,66,6016.389349,0,4.3,3,96,0,Thick
A1000255,663,4,0.42,9,30,0,0,0,48524,0.35,60,Own,21,Debt Consolidation,6147,60,1,81,41972.54579,0,3.7,4,98,0,Thick
A1000256,839,2,0.28,19,168,0,0,0,72748,0.21,63,Own,20,Home Improvement,2983,12,1,117,18809.01793,0,4.7,2,100,0,Thick
A1000257,809,2,0.09,8,131,0,0,0,139225,0.24,58,Own,39,Auto,11421,60,0,0,0,0,4.5,2.5,98,0,Thick
A1000258,687,4,0.61,5,108,0,0,0,77172,0.43,56,Own,28,Auto,27594,12,1,15,30015.99362,0,4,4,94,0,Thick
A1000259,735,0,0.36,5,241,0,0,0,71866,0.15,57,Own,13,Debt Consolidation,21748,24,0,0,0,0,3.7,4,98,0,Thick
A1000260,718,4,0.4,11,75,1,1,0,62561,0.45,43,Own,9,Major Purchase,16416,36,1,7,1041.322391,0,4,4,94,1,Thick
A1000261,831,0,0.22,11,190,0,0,0,131449,0.15,63,Own,0,Auto,2029,24,0,0,0,0,3.9,4,96,0,Thick
A1000262,826,2,0.26,18,207,0,0,0,119772,0.32,43,Own,13,Debt Consolidation,33647,48,0,0,0,0,4.7,2,100,0,Thick
A1000263,653,4,0.84,6,13,1,3,0,32024,0.46,70,Own,33,Auto,6796,24,1,68,49195.37581,1,3.9,4,96,1,Thick
A1000264,694,2,0.67,11,25,0,0,0,77986,0.38,39,Own,1,Debt Consolidation,20927,48,1,54,18292.81254,1,4.8,1.5,102,0,Thick
A1000265,696,3,0.64,12,27,0,0,0,43382,0.42,38,Rent,0,Debt Consolidation,12443,60,1,36,13350.49775,0,5,2,100,0,Thick
A1000266,613,7,0.75,9,8,0,0,0,45641,0.56,47,Rent,7,Debt Consolidation,11963,24,1,20,42043.09676,0,3.7,4,98,0,Thick
A1000267,667,3,0.54,10,119,2,1,0,43442,0.37,48,Own,29,Debt Consolidation,26035,36,1,50,24254.88946,0,4,3.5,95,1,Thick
A1000268,810,2,0.35,15,117,0,0,0,116595,0.25,70,Rent,15,Debt Consolidation,13774,36,0,0,0,0,5,1,105,0,Thick
A1000269,703,2,0.52,11,37,0,0,0,40555,0.43,23,Own,0,Auto,15209,60,0,0,0,0,3.8,3.75,97,0,Thick
A1000270,753,2,0.25,10,277,0,0,0,109277,0.26,38,Rent,10,Credit Card,5849,24,1,10,32300.24488,1,4.7,2,100,0,Thick
A1000271,787,1,0.39,11,204,0,0,0,83321,0.21,48,Own,20,Auto,29939,48,0,0,0,0,5,1,105,0,Thick
A1000272,661,4,0.4,3,109,0,0,0,72617,0.36,21,Rent,3,Home Improvement,27470,48,0,0,0,0,4,3.5,95,0,Thin
A1000273,843,1,0.17,14,150,0,1,0,75886,0.24,42,Own,14,Debt Consolidation,20002,36,0,0,0,0,4.3,3,96,1,Thick
A1000274,679,4,0.61,10,34,1,0,0,65565,0.44,22,Rent,4,Auto,26478,12,0,0,0,0,3.9,4,96,1,Thick
A1000275,637,4,0.78,1,31,0,1,0,20537,0.46,64,Rent,34,Auto,16268,60,0,0,0,0,5,2,100,1,Thin
A1000276,731,0,0.06,6,279,0,0,0,91808,0.28,58,Own,6,Auto,15455,12,0,0,0,0,5.2,0.5,108,0,Thick
A1000277,755,0,0.32,10,133,0,0,0,102151,0.31,44,Rent,14,Auto,3667,24,0,0,0,0,3.9,4,96,0,Thick
A1000278,661,2,0.45,4,114,0,1,0,71913,0.36,30,Rent,8,Home Improvement,16679,60,1,99,24324.6112,0,3.7,4,98,1,Thin
A1000279,699,3,0.5,3,95,0,0,0,45768,0.41,44,Rent,17,Home Improvement,31422,48,0,0,0,0,4.5,2.5,98,0,Thin
A1000280,758,1,0.22,10,219,1,0,0,149816,0.31,37,Own,14,Auto,4437,60,0,0,0,0,4.5,2.5,98,1,Thick
A1000281,664,4,0.57,9,49,1,1,0,55420,0.42,35,Own,13,Major Purchase,25610,48,0,0,0,0,5,2,100,1,Thick
A1000282,598,7,0.74,6,14,1,0,0,27083,0.59,42,Own,22,Home Improvement,19389,24,0,0,0,0,5,1,105,1,Thick
A1000283,674,4,0.69,5,97,2,1,0,59343,0.41,51,Rent,17,Auto,29056,48,1,63,43247.7536,0,4.5,2.5,98,1,Thick
A1000284,655,4,0.8,1,8,4,1,0,24881,0.59,46,Own,25,Debt Consolidation,7422,36,0,0,0,0,4.3,3,96,1,Thin
A1000285,686,3,0.47,4,26,0,0,0,54287,0.36,50,Rent,25,Auto,25275,36,1,96,29599.34544,1,5.2,0.5,108,0,Thin
A1000286,805,1,0.31,11,249,0,0,0,129588,0.11,24,Own,2,Home Improvement,3678,36,1,66,47320.78926,0,4.8,1.5,102,0,Thick
A1000287,709,3,0.47,4,107,0,1,0,53416,0.36,41,Own,8,Home Improvement,28717,24,1,27,37905.50142,0,5,1,105,1,Thin
A1000288,713,4,0.6,11,61,0,0,0,48041,0.4,50,Own,25,Major Purchase,19898,60,1,114,4215.75197,0,5,2,100,0,Thick
A1000289,691,4,0.69,3,61,0,0,1,49863,0.44,47,Own,20,Auto,13390,12,0,0,0,0,4.8,1.5,102,1,Thin
A1000290,686,4,0.64,10,99,0,0,0,77925,0.38,57,Own,19,Auto,18039,24,0,0,0,0,5,2,100,0,Thick
A1000291,792,2,0.37,14,94,1,0,0,119759,0.34,41,Rent,14,Credit Card,13091,24,1,20,8901.480948,0,5,1,105,1,Thick
A1000292,834,2,0.16,5,151,1,0,0,130761,0.34,53,Own,18,Home Improvement,19994,60,1,20,1210.420985,0,3.7,4,98,1,Thick
A1000293,706,2,0.62,3,41,0,0,0,68973,0.38,24,Rent,1,Home Improvement,15558,48,1,29,22852.66187,0,4.7,2,100,0,Thin
A1000294,688,3,0.46,8,101,0,1,0,45726,0.45,30,Rent,6,Credit Card,25433,12,0,0,0,0,4.8,1.5,102,1,Thick
A1000295,591,7,0.89,7,57,1,0,0,27067,0.56,58,Rent,9,Auto,32104,60,1,94,44925.0125,0,4,4,94,1,Thick
A1000296,824,1,0.11,19,229,0,0,0,143729,0.33,40,Rent,9,Home Improvement,31372,24,1,38,28139.4794,0,3.7,4,98,0,Thick
A1000297,640,6,0.8,8,50,1,0,0,24069,0.55,25,Rent,5,Home Improvement,29578,48,0,0,0,0,3.8,3.75,97,1,Thick
A1000298,724,0,0.1,19,272,0,0,0,94018,0.14,61,Rent,22,Auto,20114,36,0,0,0,0,4.7,2,100,0,Thick
A1000299,698,3,0.65,13,62,0,0,0,50953,0.4,43,Rent,0,Auto,19442,36,0,0,0,0,4.5,2.5,98,0,Thick
A1000300,759,0,0.33,8,154,0,0,0,125979,0.16,29,Rent,9,Home Improvement,23416,24,1,62,18062.28571,0,4.5,2.5,98,0,Thick
A1000301,756,0,0.1,7,156,0,0,0,89697,0.18,23,Rent,4,Home Improvement,31741,24,1,97,22131.12618,0,4.7,2,100,0,Thick
A1000302,710,2,0.58,6,47,0,0,0,48112,0.44,31,Rent,12,Debt Consolidation,16848,36,1,36,47490.78865,0,5.2,0.5,108,0,Thick
A1000303,705,2,0.67,11,24,2,0,0,52553,0.45,66,Own,37,Auto,8033,24,0,0,0,0,5.2,0.5,108,1,Thick
A1000304,686,3,0.44,4,90,0,0,0,47395,0.43,23,Own,3,Auto,19586,36,0,0,0,0,4.3,3,96,0,Thin
A1000305,824,1,0.12,7,277,0,0,0,98088,0.35,64,Own,6,Credit Card,6570,24,0,0,0,0,4,4,94,0,Thick
A1000306,717,2,0.5,12,75,0,0,0,51057,0.36,66,Rent,37,Credit Card,27229,36,0,0,0,0,4.8,1.5,102,0,Thick
A1000307,669,3,0.55,6,104,2,0,0,69794,0.36,45,Rent,10,Auto,7313,48,1,64,34227.26459,1,5,2,100,1,Thick
A1000308,672,3,0.55,11,67,1,0,0,59238,0.42,49,Own,24,Credit Card,3358,12,1,56,44126.15788,0,5,2,100,1,Thick
A1000309,601,6,0.88,8,54,0,1,0,36104,0.51,31,Rent,6,Credit Card,25759,36,1,74,24021.1006,0,3.8,3.75,97,1,Thick
A1000310,731,1,0.33,5,243,0,0,0,76803,0.31,43,Own,1,Debt Consolidation,17227,24,0,0,0,0,3.8,3.75,97,0,Thick
A1000311,594,8,0.78,8,48,2,0,1,31062,0.48,65,Own,1,Other,25755,36,0,0,0,0,5,1,105,1,Thick
A1000312,772,2,0.17,14,141,1,0,0,104035,0.22,39,Own,9,Other,27347,48,1,10,42178.64395,0,5,2,100,1,Thick
A1000313,677,4,0.54,6,68,1,0,0,44408,0.41,47,Own,19,Home Improvement,12835,48,1,56,33509.37817,0,4.8,1.5,102,1,Thick
A1000314,673,4,0.56,12,79,2,0,0,70624,0.38,50,Own,9,Debt Consolidation,20678,48,0,0,0,0,4.5,2.5,98,1,Thick
A1000315,714,3,0.59,7,111,0,0,0,67029,0.38,36,Rent,9,Home Improvement,29582,36,0,0,0,0,5,1,105,0,Thick
A1000316,786,0,0.28,6,294,0,0,0,96408,0.26,47,Rent,21,Debt Consolidation,6918,36,1,41,30478.38727,0,4,3.5,95,0,Thick
A1000317,848,2,0.38,13,175,0,0,0,75812,0.23,68,Rent,27,Auto,8000,24,1,43,41784.37409,0,4.3,3,96,0,Thick
A1000318,587,4,0.78,7,36,1,3,1,36068,0.53,40,Own,19,Auto,4583,36,1,47,24285.86726,0,4,3.5,95,1,Thick
A1000319,812,0,0.35,17,50,1,0,0,149816,0.13,26,Rent,3,Credit Card,11500,60,0,0,0,0,3.9,4,96,1,Thick
A1000320,677,3,0.54,9,66,1,1,0,45249,0.43,47,Rent,26,Home Improvement,22415,36,1,90,13787.53366,0,3.9,4,96,1,Thick
A1000321,710,2,0.59,8,97,0,0,0,48918,0.35,59,Rent,20,Home Improvement,9749,24,1,107,32809.84778,0,4.5,2.5,98,0,Thick
A1000322,826,1,0.38,12,53,1,0,0,108182,0.15,37,Rent,5,Auto,29108,36,1,117,5359.851895,0,4,3.5,95,1,Thick
A1000323,595,7,0.89,8,58,1,0,0,20462,0.56,38,Own,15,Credit Card,29266,48,0,0,0,0,4.5,2.5,98,1,Thick
A1000324,672,2,0.41,7,54,0,1,0,67415,0.37,41,Other,12,Debt Consolidation,26132,48,1,59,5201.19502,0,4,3.5,95,1,Thick
A1000325,663,3,0.67,12,109,2,0,0,61814,0.44,37,Rent,12,Credit Card,26866,36,0,0,0,0,4.8,1.5,102,1,Thick
A1000326,676,3,0.66,5,35,0,0,0,51132,0.4,23,Other,3,Major Purchase,19415,48,0,0,0,0,5,1,105,0,Thick
A1000327,708,3,0.67,8,118,3,0,0,57285,0.4,33,Own,7,Auto,31818,24,1,85,32195.95743,0,4,3.5,95,1,Thick
A1000328,811,1,0.09,9,79,0,0,0,133512,0.22,63,Rent,37,Other,1270,36,1,96,25928.15043,0,5,2,100,0,Thick
A1000329,847,1,0.06,8,148,0,0,0,148723,0.12,22,Own,3,Home Improvement,18650,36,0,0,0,0,4.8,1.5,102,0,Thick
A1000330,753,2,0.15,6,238,0,0,0,87704,0.32,32,Own,12,Major Purchase,6845,12,0,0,0,0,4,4,94,0,Thick
A1000331,759,1,0.31,14,279,0,0,0,75807,0.17,45,Own,18,Debt Consolidation,6912,48,1,66,10793.69177,0,3.9,4,96,0,Thick
A1000332,665,3,0.6,13,111,1,1,0,42650,0.4,51,Own,8,Debt Consolidation,20687,48,1,11,15244.4482,0,4,4,94,1,Thick
A1000333,718,4,0.53,4,83,0,0,0,42955,0.4,26,Rent,0,Auto,31335,24,0,0,0,0,5,1,105,0,Thin
A1000334,796,1,0.32,19,207,0,0,0,101149,0.25,59,Own,6,Credit Card,2174,12,1,28,10069.28215,0,4.8,1.5,102,0,Thick
A1000335,823,2,0.3,14,206,0,0,0,146208,0.34,29,Own,3,Auto,2041,36,1,87,20354.86465,0,5,2,100,0,Thick
A1000336,701,4,0.66,11,48,0,0,0,55845,0.39,28,Own,2,Debt Consolidation,30180,60,0,0,0,0,5,2,100,0,Thick
A1000337,820,0,0.27,18,298,0,0,0,66674,0.18,53,Rent,31,Auto,4978,36,1,38,2813.843533,0,4.3,3,96,0,Thick
A1000338,826,2,0.38,16,162,0,0,0,122041,0.13,43,Own,16,Auto,23226,60,0,0,0,0,5,1,105,0,Thick
A1000339,795,2,0.28,16,251,0,0,0,111166,0.34,65,Rent,30,Auto,14073,24,0,0,0,0,4,4,94,0,Thick
A1000340,773,0,0.18,13,139,0,0,0,132984,0.11,25,Own,1,Debt Consolidation,8909,36,0,0,0,0,5,2,100,0,Thick
A1000341,709,2,0.66,11,101,0,0,0,76505,0.38,50,Other,7,Other,7676,48,0,0,0,0,3.7,4,98,0,Thick
A1000342,626,7,0.89,8,52,2,0,0,25145,0.56,47,Rent,0,Auto,32042,36,1,16,42581.15949,0,4.7,2,100,1,Thick
A1000343,686,2,0.45,15,91,0,0,0,63635,0.41,47,Rent,27,Home Improvement,24709,60,0,0,0,0,3.7,4,98,0,Thick
A1000344,590,5,0.81,7,54,0,2,0,31085,0.5,61,Other,33,Other,28479,36,0,0,0,0,5,2,100,1,Thick
A1000345,680,3,0.67,12,42,1,0,0,62554,0.35,60,Rent,22,Major Purchase,27509,48,0,0,0,0,3.8,3.75,97,1,Thick
A1000346,752,1,0.12,14,181,0,0,0,128219,0.35,70,Own,27,Other,8237,48,1,70,30032.67649,0,3.8,3.75,97,0,Thick
A1000347,732,1,0.15,5,164,0,0,0,145322,0.34,66,Rent,40,Debt Consolidation,16324,36,0,0,0,0,5,2,100,0,Thick
A1000348,693,4,0.57,15,70,0,0,0,56228,0.36,26,Own,2,Home Improvement,30239,12,0,0,0,0,4.7,2,100,0,Thick
A1000349,715,4,0.53,10,112,2,0,1,57281,0.41,50,Own,32,Major Purchase,8737,36,1,19,25783.50865,0,5,2,100,1,Thick
A1000350,627,7,0.73,6,42,0,0,0,23891,0.54,44,Own,15,Auto,10363,24,0,0,0,0,4.7,2,100,0,Thick
A1000351,607,7,0.7,9,28,0,0,0,25999,0.57,49,Rent,24,Home Improvement,9703,48,0,0,0,0,3.8,3.75,97,0,Thick
A1000352,669,4,0.6,9,73,0,0,0,61313,0.36,26,Rent,0,Home Improvement,21240,36,1,114,22711.71398,0,4,4,94,0,Thick
A1000353,649,8,0.83,8,38,2,0,1,38902,0.56,22,Own,1,Auto,30113,12,0,0,0,0,4.5,2.5,98,1,Thick
A1000354,725,1,0.06,15,145,0,0,0,104558,0.21,30,Own,12,Auto,21106,60,0,0,0,0,5,1,105,0,Thick
A1000355,734,1,0.1,15,114,0,0,0,99062,0.2,69,Rent,15,Home Improvement,34057,36,0,0,0,0,3.8,3.75,97,0,Thick
A1000356,664,4,0.47,3,58,0,0,0,71730,0.35,47,Own,27,Debt Consolidation,14333,48,1,84,39475.49515,0,4,4,94,0,Thin
A1000357,694,4,0.54,3,83,2,0,0,67771,0.45,24,Rent,3,Credit Card,17442,48,0,0,0,0,4.5,2.5,98,1,Thin
A1000358,692,4,0.56,4,62,0,0,0,58436,0.35,53,Other,20,Major Purchase,23454,36,1,36,44035.68542,0,4.3,3,96,0,Thin
A1000359,802,2,0.16,9,213,1,0,0,104778,0.15,32,Own,14,Debt Consolidation,33045,48,0,0,0,0,4,3.5,95,1,Thick
A1000360,717,3,0.69,9,100,0,0,0,69175,0.42,33,Own,7,Debt Consolidation,19424,36,1,2,7113.429373,0,4.8,1.5,102,0,Thick
A1000361,608,6,0.71,8,51,2,0,0,27676,0.6,53,Own,35,Auto,12503,12,1,51,6436.379855,0,3.8,3.75,97,1,Thick
A1000362,609,6,0.75,1,50,1,1,0,48868,0.53,62,Own,20,Credit Card,27665,24,1,1,46956.62808,0,4,3.5,95,1,Thin
A1000363,662,3,0.56,8,24,0,0,0,54715,0.35,25,Rent,3,Auto,21368,12,1,95,12055.77216,0,3.7,4,98,0,Thick
A1000364,655,6,0.91,4,12,1,3,1,46123,0.54,70,Rent,28,Debt Consolidation,30258,36,1,67,39911.44485,1,4,4,94,1,Thin
A1000365,736,1,0.07,18,64,0,0,0,76716,0.12,35,Rent,0,Home Improvement,31422,48,1,52,5695.682319,0,5,1,105,0,Thick
A1000366,703,3,0.58,4,37,0,0,0,41702,0.4,37,Own,15,Debt Consolidation,30138,24,1,116,29087.39451,0,3.7,4,98,0,Thin
A1000367,831,1,0.16,9,85,0,0,0,127256,0.34,24,Own,6,Debt Consolidation,4578,36,1,67,29735.55571,0,4.7,2,100,0,Thick
A1000368,681,4,0.61,10,100,0,1,0,52409,0.42,40,Own,5,Auto,3765,36,0,0,0,0,4.5,2.5,98,1,Thick
A1000369,774,1,0.33,17,100,0,0,0,91328,0.22,43,Own,3,Auto,29862,24,0,0,0,0,4.3,3,96,0,Thick
A1000370,605,5,0.92,3,27,2,0,0,26482,0.49,37,Rent,0,Debt Consolidation,9994,36,0,0,0,0,5,1,105,1,Thin
A1000371,781,2,0.11,18,272,0,0,0,108449,0.3,33,Own,12,Debt Consolidation,21837,36,0,0,0,0,4.3,3,96,0,Thick
A1000372,697,3,0.64,8,55,0,0,0,52392,0.44,26,Rent,1,Auto,26435,48,1,75,44405.8801,0,5,1,105,0,Thick
A1000373,671,4,0.61,14,87,0,0,0,61091,0.42,33,Own,7,Credit Card,21053,36,1,84,2793.61991,0,5,2,100,0,Thick
A1000374,741,1,0.21,16,106,0,0,0,77606,0.29,50,Own,23,Debt Consolidation,21776,24,0,0,0,0,3.7,4,98,0,Thick
A1000375,682,4,0.55,13,34,1,1,0,45401,0.38,23,Rent,2,Auto,22577,24,0,0,0,0,4,3.5,95,1,Thick
A1000376,755,0,0.32,14,258,0,1,0,131188,0.33,53,Other,9,Major Purchase,15914,24,1,97,33110.11687,0,4,3.5,95,1,Thick
A1000377,695,3,0.5,4,64,1,0,1,70719,0.42,49,Own,1,Credit Card,9411,36,0,0,0,0,5,2,100,1,Thin
A1000378,827,1,0.32,14,131,0,0,0,115799,0.27,42,Rent,19,Small Business,26617,60,0,0,0,0,3.7,4,98,0,Thick
A1000379,841,1,0.27,14,71,0,0,0,74239,0.18,25,Rent,6,Credit Card,16272,24,1,78,24942.05281,0,5,2,100,0,Thick
A1000380,670,3,0.52,4,40,0,0,0,61415,0.44,40,Own,22,Debt Consolidation,11405,36,1,111,11117.5049,0,3.7,4,98,0,Thin
A1000381,689,2,0.53,9,101,1,0,0,58051,0.37,26,Own,7,Credit Card,20493,36,1,59,23672.07724,0,5,2,100,1,Thick
A1000382,830,2,0.11,8,148,0,0,0,120008,0.2,61,Rent,4,Debt Consolidation,15238,60,0,0,0,0,3.9,4,96,0,Thick
A1000383,589,6,0.8,3,22,0,0,0,44752,0.47,68,Own,12,Credit Card,1703,24,1,87,37737.07092,0,4.7,2,100,0,Thin
A1000384,737,0,0.3,19,83,0,0,0,70819,0.24,55,Rent,10,Auto,1734,36,1,78,5925.240932,0,4,4,94,0,Thick
A1000385,717,4,0.41,13,90,0,0,0,74884,0.37,40,Own,19,Auto,25732,48,0,0,0,0,4.3,3,96,0,Thick
A1000386,724,0,0.17,11,222,0,0,0,115270,0.11,23,Own,0,Debt Consolidation,22147,36,1,107,33541.32897,0,4.3,3,96,0,Thick
A1000387,595,6,0.78,1,31,1,0,0,27615,0.48,63,Rent,39,Credit Card,5412,48,0,0,0,0,3.9,4,96,1,Thin
A1000388,593,8,0.74,2,44,0,1,0,43348,0.53,61,Rent,20,Other,32596,12,1,99,34992.31646,0,5,2,100,1,Thin
A1000389,779,0,0.13,8,127,0,0,0,125984,0.25,29,Own,4,Auto,25625,24,0,0,0,0,4,4,94,0,Thick
A1000390,681,4,0.64,3,90,1,0,0,48799,0.38,36,Own,1,Small Business,17275,48,1,30,42499.80743,0,4,4,94,1,Thin
A1000391,671,2,0.66,4,48,0,2,1,68990,0.41,32,Rent,13,Debt Consolidation,14393,24,0,0,0,0,3.7,4,98,1,Thin
A1000392,770,2,0.14,14,195,0,0,0,92102,0.21,45,Own,14,Credit Card,29405,48,1,11,47599.64642,0,3.8,3.75,97,0,Thick
A1000393,687,3,0.58,5,94,1,0,0,45454,0.43,45,Rent,15,Auto,9955,48,0,0,0,0,5.2,0.5,108,1,Thick
A1000394,848,1,0.38,16,146,0,0,0,109054,0.22,23,Other,0,Credit Card,11640,24,0,0,0,0,5.2,0.5,108,0,Thick
A1000395,691,4,0.52,9,118,0,0,0,64129,0.42,66,Rent,9,Credit Card,30849,60,0,0,0,0,3.7,4,98,0,Thick
A1000396,743,1,0.19,7,180,1,0,0,144462,0.28,65,Own,34,Debt Consolidation,26086,36,0,0,0,0,4.5,2.5,98,1,Thick
A1000397,808,0,0.38,17,226,0,1,0,78705,0.17,25,Rent,6,Home Improvement,19896,48,0,0,0,0,4.8,1.5,102,1,Thick
A1000398,766,1,0.25,11,95,0,0,0,125878,0.34,47,Own,29,Debt Consolidation,11887,12,0,0,0,0,4.7,2,100,0,Thick
A1000399,780,0,0.05,13,240,1,0,0,122638,0.22,34,Rent,0,Credit Card,18421,60,0,0,0,0,5,1,105,1,Thick
A1000400,807,1,0.28,17,204,0,0,0,101317,0.3,50,Rent,25,Debt Consolidation,10100,12,0,0,0,0,4,4,94,0,Thick
A1000401,841,0,0.05,15,52,0,0,0,127490,0.2,46,Rent,25,Auto,29043,60,1,87,22771.0018,0,4,3.5,95,0,Thick
A1000402,678,2,0.66,12,115,0,0,0,79791,0.37,64,Other,29,Auto,30247,60,0,0,0,0,4.8,1.5,102,0,Thick
A1000403,742,2,0.06,15,279,0,0,0,73824,0.21,55,Rent,31,Auto,22810,48,1,115,33859.46233,0,4.3,3,96,0,Thick
A1000404,684,4,0.69,9,53,0,0,0,65011,0.42,68,Rent,12,Debt Consolidation,8609,36,0,0,0,0,5,1,105,0,Thick
A1000405,660,4,0.46,9,78,0,0,0,60368,0.36,27,Own,8,Major Purchase,21704,24,1,67,33523.39611,0,3.7,4,98,0,Thick
A1000406,669,4,0.6,15,113,0,0,0,79417,0.38,51,Rent,13,Home Improvement,25687,12,1,36,49845.58162,0,5,2,100,0,Thick
A1000407,608,5,0.91,7,25,4,1,1,42950,0.56,51,Other,25,Credit Card,19549,24,1,71,20221.99308,0,4.3,3,96,1,Thick
A1000408,802,0,0.35,14,165,0,0,0,136072,0.32,30,Own,12,Debt Consolidation,1598,36,0,0,0,0,3.9,4,96,0,Thick
A1000409,829,0,0.08,20,93,1,0,0,149056,0.31,48,Other,20,Debt Consolidation,17056,12,0,0,0,0,4.7,2,100,1,Thick
A1000410,684,4,0.51,13,107,0,0,0,45872,0.43,62,Rent,32,Auto,32424,24,0,0,0,0,4.5,2.5,98,0,Thick
A1000411,831,0,0.16,10,151,0,0,0,99107,0.24,54,Own,33,Debt Consolidation,9132,48,0,0,0,0,4.5,2.5,98,0,Thick
A1000412,766,1,0.09,9,195,0,0,0,60697,0.24,40,Own,17,Auto,1005,24,1,5,5145.906069,0,4.7,2,100,0,Thick
A1000413,688,4,0.49,8,101,0,0,0,49165,0.41,34,Other,6,Home Improvement,19179,24,1,31,2799.963506,0,4,3.5,95,0,Thick
A1000414,761,1,0.29,9,185,0,0,0,112436,0.21,63,Rent,32,Debt Consolidation,28504,48,1,83,10438.7436,0,4,3.5,95,0,Thick
A1000415,783,2,0.09,18,64,0,0,0,70161,0.17,21,Own,1,Credit Card,7881,48,1,19,43573.91316,0,3.7,4,98,0,Thick
A1000416,711,3,0.61,7,94,0,0,0,72087,0.36,69,Own,22,Debt Consolidation,27388,36,0,0,0,0,3.8,3.75,97,0,Thick
A1000417,702,4,0.62,3,116,0,0,0,48281,0.36,43,Rent,16,Credit Card,29034,36,1,54,35632.55137,0,5,2,100,0,Thin
A1000418,742,1,0.35,7,67,0,0,0,100063,0.2,68,Own,31,Debt Consolidation,1700,60,0,0,0,0,4.3,3,96,0,Thick
A1000419,751,0,0.37,5,230,0,0,0,113145,0.1,54,Rent,2,Debt Consolidation,12044,36,1,85,47592.55111,0,4.7,2,100,0,Thick
A1000420,813,0,0.2,17,91,0,0,0,77474,0.23,55,Rent,7,Credit Card,32662,24,0,0,0,0,4.3,3,96,0,Thick
A1000421,798,0,0.38,20,62,0,0,0,144275,0.23,21,Own,1,Credit Card,1580,24,0,0,0,0,3.9,4,96,0,Thick
A1000422,632,4,0.74,5,20,1,0,0,24058,0.59,49,Rent,28,Auto,24182,48,1,69,40765.64885,0,5,2,100,1,Thick
A1000423,792,1,0.31,6,89,0,0,0,65276,0.13,64,Rent,20,Debt Consolidation,27206,36,1,16,21633.67081,0,4.5,2.5,98,0,Thick
A1000424,747,1,0.23,12,61,0,0,0,62772,0.13,26,Rent,3,Debt Consolidation,34504,24,1,56,24529.45767,0,3.9,4,96,0,Thick
A1000425,611,5,0.82,2,50,2,1,0,41834,0.57,29,Own,4,Other,10581,36,1,81,32089.3824,0,4,3.5,95,1,Thin
A1000426,798,0,0.17,20,63,0,0,0,143009,0.35,38,Rent,13,Auto,4116,24,0,0,0,0,5,1,105,0,Thick
A1000427,840,0,0.2,13,290,0,0,0,96721,0.33,42,Own,11,Debt Consolidation,25352,24,1,88,28036.64311,0,3.8,3.75,97,0,Thick
A1000428,596,4,0.71,4,18,2,2,0,40629,0.56,42,Own,15,Other,14238,36,0,0,0,0,4.8,1.5,102,1,Thin
A1000429,676,3,0.53,14,39,2,0,0,76722,0.45,38,Rent,4,Credit Card,4984,48,1,65,39753.37347,0,3.9,4,96,1,Thick
A1000430,739,2,0.18,17,150,0,0,0,81694,0.21,58,Rent,32,Home Improvement,17962,36,0,0,0,0,3.9,4,96,0,Thick
A1000431,731,0,0.27,13,285,0,0,0,129935,0.16,62,Own,38,Other,22270,12,1,106,11288.64689,0,4.7,2,100,0,Thick
A1000432,795,2,0.34,16,104,0,0,0,102550,0.35,63,Other,37,Auto,26033,60,0,0,0,0,4.7,2,100,0,Thick
A1000433,608,8,0.86,7,15,1,1,0,30625,0.49,51,Own,11,Home Improvement,12541,24,0,0,0,0,4.3,3,96,1,Thick
A1000434,761,2,0.26,7,84,0,0,0,83295,0.3,69,Rent,38,Auto,26165,12,1,13,36491.03921,0,4,3.5,95,0,Thick
A1000435,741,2,0.26,5,293,0,0,0,95082,0.14,57,Rent,10,Credit Card,32385,24,1,11,10913.76047,0,5,1,105,0,Thick
A1000436,731,0,0.23,18,84,0,0,0,73476,0.24,43,Rent,7,Small Business,26214,36,0,0,0,0,4.7,2,100,0,Thick
A1000437,748,1,0.18,15,78,0,0,0,89428,0.13,30,Own,8,Credit Card,12885,36,0,0,0,0,5,2,100,0,Thick
A1000438,678,3,0.67,13,71,2,0,0,62831,0.44,21,Rent,1,Debt Consolidation,10606,36,0,0,0,0,3.8,3.75,97,1,Thick
A1000439,594,6,0.74,6,14,0,0,0,38934,0.51,65,Other,38,Debt Consolidation,22853,24,0,0,0,0,5,2,100,0,Thick
A1000440,847,2,0.24,12,146,0,0,0,130614,0.23,36,Own,6,Other,2124,36,1,104,37665.89148,0,3.9,4,96,0,Thick
A1000441,809,0,0.15,9,261,0,0,0,107298,0.31,35,Own,4,Auto,10376,36,0,0,0,0,4.8,1.5,102,0,Thick
A1000442,747,1,0.34,10,55,0,0,0,146867,0.25,47,Own,5,Home Improvement,10182,48,0,0,0,0,3.7,4,98,0,Thick
A1000443,688,2,0.42,13,28,0,0,0,40865,0.38,48,Rent,28,Home Improvement,17911,60,0,0,0,0,3.9,4,96,0,Thick
A1000444,614,5,0.89,7,45,0,0,1,23012,0.53,50,Own,25,Debt Consolidation,11801,12,1,78,42243.93648,0,3.9,4,96,1,Thick
A1000445,739,1,0.06,14,89,0,0,0,107540,0.25,23,Own,0,Other,3940,36,1,40,10199.44666,0,4,3.5,95,0,Thick
A1000446,799,1,0.39,11,128,0,0,0,61111,0.35,53,Own,9,Auto,26042,36,1,13,17234.5912,0,3.8,3.75,97,0,Thick
A1000447,838,0,0.38,12,274,0,0,0,70322,0.32,62,Rent,21,Credit Card,9598,36,1,65,26298.73907,0,4.5,2.5,98,0,Thick
A1000448,819,2,0.26,9,193,0,0,0,91340,0.15,40,Rent,2,Home Improvement,30806,36,0,0,0,0,4,4,94,0,Thick
A1000449,682,4,0.63,7,84,2,0,0,45847,0.36,44,Rent,12,Credit Card,9453,36,1,16,48612.35163,0,4,3.5,95,1,Thick
A1000450,825,2,0.06,6,237,0,0,0,126314,0.21,27,Own,2,Home Improvement,5782,24,0,0,0,0,3.8,3.75,97,0,Thick
A1000451,839,2,0.09,17,244,0,0,0,74302,0.12,59,Own,30,Auto,30791,12,0,0,0,0,3.7,4,98,0,Thick
A1000452,728,0,0.38,16,250,0,0,0,138784,0.29,61,Own,9,Auto,27546,12,1,98,34499.90058,0,4.3,3,96,0,Thick
A1000453,702,2,0.43,9,67,2,0,0,57003,0.37,31,Other,6,Credit Card,26502,48,1,62,24299.47148,0,3.9,4,96,1,Thick
A1000454,757,2,0.31,15,51,0,0,0,102432,0.27,37,Rent,0,Other,9239,36,1,15,39808.82413,0,4.5,2.5,98,0,Thick
A1000455,768,0,0.26,11,137,0,0,0,115073,0.27,40,Rent,3,Debt Consolidation,30884,36,1,48,40875.18812,0,5,1,105,0,Thick
A1000456,708,2,0.54,8,46,0,0,0,62008,0.36,63,Rent,27,Debt Consolidation,7502,60,0,0,0,0,3.9,4,96,0,Thick
A1000457,686,4,0.68,4,105,0,0,0,46794,0.4,47,Own,24,Home Improvement,25974,24,0,0,0,0,5.2,0.5,108,0,Thin
A1000458,639,7,0.7,6,56,0,0,1,33531,0.59,47,Rent,0,Small Business,28168,12,0,0,0,0,3.7,4,98,1,Thick
A1000459,656,8,0.95,4,41,4,0,0,30402,0.5,61,Own,11,Credit Card,21848,36,1,103,46665.07794,0,5,2,100,1,Thin
A1000460,700,4,0.67,11,44,2,0,0,77809,0.43,61,Rent,9,Auto,6162,36,0,0,0,0,4.7,2,100,1,Thick
A1000461,709,4,0.67,7,48,0,0,0,63469,0.37,26,Rent,0,Debt Consolidation,7777,24,1,99,13763.50644,0,4,4,94,0,Thick
A1000462,766,1,0.37,11,148,0,0,0,72160,0.12,61,Own,26,Credit Card,21551,36,0,0,0,0,4.7,2,100,0,Thick
A1000463,765,2,0.35,8,297,0,0,1,146463,0.24,21,Own,2,Small Business,13638,36,0,0,0,0,3.8,3.75,97,1,Thick
A1000464,813,0,0.16,12,69,0,0,0,75045,0.32,26,Own,8,Debt Consolidation,31608,48,0,0,0,0,4.7,2,100,0,Thick
A1000465,612,6,0.94,2,43,2,0,0,25667,0.48,67,Own,28,Credit Card,18804,48,0,0,0,0,3.9,4,96,1,Thin
A1000466,810,0,0.21,6,293,0,0,0,109015,0.32,46,Own,5,Debt Consolidation,29140,48,1,83,47568.52604,0,4,4,94,0,Thick
A1000467,800,2,0.05,15,102,0,0,0,76030,0.1,45,Own,6,Home Improvement,7744,36,0,0,0,0,3.7,4,98,0,Thick
A1000468,701,3,0.5,8,49,0,0,0,67639,0.42,59,Own,24,Auto,2393,24,1,54,6843.692132,0,4.8,1.5,102,0,Thick
A1000469,616,7,0.71,9,39,0,1,0,24294,0.58,47,Rent,8,Credit Card,23663,36,0,0,0,0,5.2,0.5,108,1,Thick
A1000470,836,0,0.35,8,55,0,0,0,124662,0.31,31,Own,11,Small Business,25174,48,1,111,34692.34668,0,5,1,105,0,Thick
A1000471,731,1,0.08,15,224,0,0,0,74523,0.11,29,Rent,1,Auto,10699,48,0,0,0,0,5,1,105,0,Thick
A1000472,702,2,0.57,13,86,2,0,0,48019,0.4,37,Rent,2,Credit Card,16884,36,0,0,0,0,3.9,4,96,1,Thick
A1000473,846,2,0.13,17,96,0,0,0,67899,0.15,40,Rent,20,Auto,34063,24,1,66,43064.48288,0,4.8,1.5,102,0,Thick
A1000474,659,7,0.75,5,33,0,0,1,36825,0.48,28,Own,7,Auto,2873,36,1,19,23586.75194,0,3.9,4,96,1,Thick
A1000475,590,5,0.8,7,38,0,0,0,31613,0.51,45,Rent,13,Auto,13415,36,0,0,0,0,4.7,2,100,0,Thick
A1000476,666,2,0.47,3,28,0,0,0,43268,0.41,60,Rent,25,Credit Card,7639,24,0,0,0,0,5,2,100,0,Thin
A1000477,772,2,0.26,5,72,0,0,0,105564,0.26,41,Rent,5,Auto,30833,24,1,110,45426.72056,0,5,2,100,0,Thick
A1000478,787,0,0.26,20,197,0,0,0,70089,0.14,22,Rent,2,Debt Consolidation,33974,24,0,0,0,0,3.8,3.75,97,0,Thick
A1000479,622,6,0.95,5,48,1,0,0,34831,0.52,66,Own,33,Debt Consolidation,32742,24,0,0,0,0,3.8,3.75,97,1,Thick
A1000480,825,0,0.18,5,110,0,0,0,88869,0.26,26,Own,6,Debt Consolidation,18951,48,0,0,0,0,5.2,0.5,108,0,Thick
A1000481,647,6,0.92,7,43,1,3,0,25732,0.49,54,Rent,7,Credit Card,30820,36,0,0,0,0,4,4,94,1,Thick
A1000482,643,5,0.83,5,45,1,0,0,42463,0.47,39,Own,1,Auto,9089,12,0,0,0,0,4.8,1.5,102,1,Thick
A1000483,755,2,0.28,9,292,0,0,1,105903,0.32,58,Rent,18,Auto,32010,60,0,0,0,0,5.2,0.5,108,1,Thick
A1000484,745,2,0.16,18,221,0,0,0,94243,0.33,40,Own,9,Home Improvement,31222,36,1,33,7648.846838,0,3.9,4,96,0,Thick
A1000485,833,2,0.3,19,138,0,0,0,101059,0.23,56,Own,26,Auto,10213,36,0,0,0,0,4,4,94,0,Thick
A1000486,795,1,0.09,5,166,0,0,0,67017,0.29,24,Own,5,Auto,7383,48,0,0,0,0,5,2,100,0,Thick
A1000487,850,2,0.1,20,82,0,0,0,66949,0.28,40,Rent,0,Debt Consolidation,14153,24,0,0,0,0,5,1,105,0,Thick
A1000488,675,2,0.65,10,74,0,0,0,53388,0.36,37,Rent,14,Major Purchase,9073,36,1,105,12511.46486,0,4.7,2,100,0,Thick
A1000489,771,1,0.28,20,142,0,0,0,122411,0.22,47,Rent,4,Auto,30955,24,0,0,0,0,4.3,3,96,0,Thick
A1000490,717,3,0.69,10,116,0,0,0,69129,0.35,53,Own,33,Credit Card,5113,24,0,0,0,0,5,1,105,0,Thick
A1000491,755,2,0.16,17,65,1,0,0,96482,0.3,63,Own,32,Debt Consolidation,17988,24,0,0,0,0,3.7,4,98,1,Thick
A1000492,713,2,0.66,5,53,0,0,1,66461,0.36,69,Own,15,Auto,12403,48,0,0,0,0,3.7,4,98,1,Thick
A1000493,784,2,0.08,16,203,0,0,0,75004,0.11,49,Own,12,Auto,33184,36,0,0,0,0,5,1,105,0,Thick
A1000494,769,2,0.39,8,100,0,0,0,71274,0.25,32,Rent,14,Debt Consolidation,33517,24,1,73,27782.46129,0,4.5,2.5,98,0,Thick
A1000495,755,2,0.18,7,193,0,0,0,68802,0.21,35,Own,17,Credit Card,15681,48,0,0,0,0,5,2,100,0,Thick
A1000496,664,2,0.56,6,90,2,0,0,50345,0.45,65,Rent,37,Home Improvement,18239,36,0,0,0,0,3.9,4,96,1,Thick
A1000497,735,2,0.17,6,108,0,0,0,78256,0.15,25,Rent,1,Major Purchase,32376,60,1,107,38513.13692,0,4.5,2.5,98,0,Thick
A1000498,777,1,0.16,12,53,1,0,0,145240,0.19,59,Rent,1,Home Improvement,4417,36,0,0,0,0,5,1,105,1,Thick
A1000499,667,4,0.69,8,69,0,0,0,68701,0.36,58,Own,26,Debt Consolidation,4000,60,0,0,0,0,3.9,4,96,0,Thick
